crossmoda_1,training
crossmoda_2,training
crossmoda_3,training
crossmoda_4,training
crossmoda_5,training
crossmoda_6,training
crossmoda_7,training
crossmoda_8,training
crossmoda_9,training
crossmoda_10,training
crossmoda_11,training
crossmoda_12,training
crossmoda_13,training
crossmoda_14,training
crossmoda_15,training
crossmoda_16,training
crossmoda_17,training
crossmoda_18,training
crossmoda_19,training
crossmoda_20,training
crossmoda_21,training
crossmoda_22,training
crossmoda_23,training
crossmoda_24,training
crossmoda_25,training
crossmoda_26,training
crossmoda_27,training
crossmoda_28,training
crossmoda_29,training
crossmoda_30,training
crossmoda_31,training
crossmoda_32,training
crossmoda_33,training
crossmoda_34,training
crossmoda_35,training
crossmoda_36,training
crossmoda_37,training
crossmoda_38,training
crossmoda_39,training
crossmoda_40,training
crossmoda_41,training
crossmoda_42,training
crossmoda_43,training
crossmoda_44,training
crossmoda_45,training
crossmoda_46,training
crossmoda_47,training
crossmoda_48,training
crossmoda_49,training
crossmoda_50,training
crossmoda_51,training
crossmoda_52,training
crossmoda_53,training
crossmoda_54,training
crossmoda_55,training
crossmoda_56,training
crossmoda_57,training
crossmoda_58,training
crossmoda_59,training
crossmoda_60,training
crossmoda_61,training
crossmoda_62,training
crossmoda_63,training
crossmoda_64,training
crossmoda_65,training
crossmoda_66,training
crossmoda_67,training
crossmoda_68,training
crossmoda_69,training
crossmoda_70,training
crossmoda_71,training
crossmoda_72,training
crossmoda_73,training
crossmoda_74,training
crossmoda_75,training
crossmoda_76,training
crossmoda_77,training
crossmoda_78,training
crossmoda_79,training
crossmoda_80,training
crossmoda_81,training
crossmoda_82,training
crossmoda_83,training
crossmoda_84,training
crossmoda_85,training
crossmoda_86,training
crossmoda_87,training
crossmoda_88,training
crossmoda_89,training
crossmoda_90,training
crossmoda_91,training
crossmoda_92,training
crossmoda_93,training
crossmoda_94,training
crossmoda_95,training
crossmoda_96,training
crossmoda_97,training
crossmoda_98,training
crossmoda_99,training
crossmoda_100,training
crossmoda_101,training
crossmoda_102,training
crossmoda_103,training
crossmoda_104,training
crossmoda_105,training
crossmoda_102,validation
crossmoda_103,validation
crossmoda_104,validation
crossmoda_105,validation